landing_page,users,conversions,conversion_rate,conversion_rate_percent
old_page,144226,17349,0.12029037760181936,12.029037760181936
new_page,144315,17134,0.11872639711741677,11.872639711741677
