country,old_users,new_users,old_cr_percent,new_cr_percent,original_uplift,mean_bootstrap_uplift,ci_lower,ci_upper,n_bootstrap,ci_contains_zero
CA,7138,7256,11.880078453348277,11.176957001102537,-5.918491658172282,-5.820678159877431,-14.291512636221114,3.1104589484183625,10000,True
UK,36100,35861,11.994459833795014,12.105072362733889,0.9221968348021667,0.9266841871605644,-2.9974563216555747,4.951254807313627,10000,True
US,100988,101198,12.051926961619202,11.840154943773593,-1.7571631368164051,-1.7584117770857717,-4.09297519840181,0.6191851290698487,10000,True
