country,landing_page,users,conversions,conversion_rate,conversion_rate_percent
CA,new_page,7256,811,0.11176957001102536,11.176957001102537
CA,old_page,7138,848,0.11880078453348276,11.880078453348277
UK,new_page,35861,4341,0.12105072362733889,12.105072362733889
UK,old_page,36100,4330,0.11994459833795014,11.994459833795014
US,new_page,101198,11982,0.11840154943773593,11.840154943773593
US,old_page,100988,12171,0.12051926961619203,12.051926961619202
