model,term,coefficient,odds_ratio,ci_lower,ci_upper,p_value
country_adjusted,Intercept,-2.0306923748094587,0.13124461921479863,0.12454615536011511,0.13830334644238812,0.0
country_adjusted,C(country)[T.UK],0.05031084645129447,1.0515979310607502,0.9944609906351152,1.112017684982285,0.07754789618223568
country_adjusted,C(country)[T.US],0.040525967355347886,1.0413583506737611,0.9877077319869652,1.0979231805105352,0.13318485878786035
country_adjusted,treat,-0.014814215941889234,0.9852949746988705,0.9633762930375436,1.007712348936756,0.19683113523807094
