model,term,coefficient,odds_ratio,ci_lower,ci_upper,p_value
basic_treatment_only,Intercept,-1.9896832453744135,0.1367387312121191,0.13458648353926786,0.1389253966803052,0.0
basic_treatment_only,treat,-0.014863229763602773,0.98524668281014,0.9633292648151635,1.0076627602241872,0.19534990695040866
