model,term,coefficient,odds_ratio,ci_lower,ci_upper,p_value
country_interaction,Intercept,-1.9875220002245721,0.1370345767139173,0.13446302765565604,0.13965530557033085,0.0
country_interaction,"C(country, Treatment(reference='US'))[T.CA]",-0.01631371367801042,0.9838186342760873,0.9134988592293252,1.059551520365811,0.666354900450101
country_interaction,"C(country, Treatment(reference='US'))[T.UK]",-0.00543290604245494,0.99458182550114,0.9584811645351191,1.0320421978213383,0.7733419514115702
country_interaction,treat,-0.020132871811698844,0.9800684411854887,0.9540750928907624,1.0067699666044327,0.1421059730414111
country_interaction,"treat:C(country, Treatment(reference='US'))[T.CA]",-0.04882327554359256,0.9523494182609666,0.8567282603769787,1.0586430451855477,0.36580239195979103
country_interaction,"treat:C(country, Treatment(reference='US'))[T.UK]",0.030570249406505667,1.031042317615649,0.9784847003267523,1.0864229766283087,0.25213192661732786
