model,term,coefficient,odds_ratio,ci_lower,ci_upper,p_value
country_time_adjusted,Intercept,-2.0207523013673563,0.13255570572161052,0.12534974060367354,0.1401759192698263,0.0
country_time_adjusted,C(country)[T.UK],0.05037119838819466,1.0516613989479158,0.9945205288744551,1.1120853375332422,0.07719532562385775
country_time_adjusted,C(country)[T.US],0.040582106838239256,1.0414168136340973,0.9877626786403851,1.0979853796588404,0.13265193056690686
country_time_adjusted,C(time_bucket)[T.15-30_min],-0.0220418398607969,0.9781993064721786,0.9475256778429266,1.0098659124056732,0.17510053329579023
country_time_adjusted,C(time_bucket)[T.30-45_min],0.0047045007925981975,1.0047155843304734,0.9733682436895276,1.037072466603407,0.7711300813550619
country_time_adjusted,C(time_bucket)[T.45-60_min],-0.022671251714184333,0.9775838099544312,0.9469274285232405,1.0092326789766934,0.16312994911014078
country_time_adjusted,treat,-0.014879251412195415,0.9852308976604633,0.9633133770845862,1.0076470905475752,0.19487811591689985
